-- *************
-- BASES DE DATOS
-- EJERCICIO DE REPASO DDL Y DML
-- MODULO BBDD 25/26
-- LUCIA ELIZO GOMEZ
-- 	BD COMERCIAL
-- *************

CREATE DATABASE COMERCIAL;
USE COMERCIAL;

CREATE TABLE COMERCIAL (
ID INT PRIMARY KEY,
NOMBRE VARCHAR(100) NOT NULL,
APELLIDO1 VARCHAR(100) NOT NULL,
APELLIDO2 VARCHAR(100),
COMISION FLOAT);

CREATE TABLE PEDIDO (
ID INT PRIMARY KEY,
TOTAL DOUBLE NOT NULL,
FECHA DATE,
ID_CLIENTE INT,
ID_COMERCIAL INT);

CREATE TABLE CLIENTE (
ID INT PRIMARY KEY,
NOMBRE VARCHAR(100) NOT NULL,
APELLIDO1 VARCHAR(100) NOT NULL,
APELLIDO2 VARCHAR(100),
CIUDAD VARCHAR(100),
CATEGORIA INT);
-- DATOS 
INSERT INTO CLIENTE VALUES(1, 'Aarón', 'Rivero', 'Gómez', 'Almería', 100); INSERT INTO CLIENTE VALUES(2, 'Adela', 'Salas', 'Díaz', 'Granada', 200); INSERT INTO CLIENTE VALUES(3, 'Adolfo', 'Rubio', 'Flores', 'Sevilla', NULL); INSERT INTO CLIENTE VALUES(4, 'Adrián', 'Suárez', NULL, 'Jaén', 300); INSERT INTO CLIENTE VALUES(5, 'Marcos', 'Loyola', 'Méndez', 'Almería', 200); INSERT INTO CLIENTE VALUES(6, 'María', 'Santana', 'Moreno', 'Cádiz', 100); INSERT INTO CLIENTE VALUES(7, 'Pilar', 'Ruiz', NULL, 'Sevilla', 300); INSERT INTO CLIENTE VALUES(8, 'Pepe', 'Ruiz', 'Santana', 'Huelva', 200); INSERT INTO CLIENTE VALUES(9, 'Guillermo', 'López', 'Gómez', 'Granada', 225); INSERT INTO CLIENTE VALUES(10, 'Daniel', 'Santana', 'Loyola', 'Sevilla', 125);  
INSERT INTO COMERCIAL VALUES(1, 'Daniel', 'Sáez', 'Vega', 0.15); INSERT INTO COMERCIAL VALUES(2, 'Juan', 'Gómez', 'López', 0.13); INSERT INTO COMERCIAL VALUES(3, 'Diego','Flores', 'Salas', 0.11); INSERT INTO COMERCIAL VALUES(4, 'Marta','Herrera', 'Gil', 0.14); INSERT INTO COMERCIAL VALUES(5, 'Antonio','Carretero', 'Ortega', 0.12); INSERT INTO COMERCIAL VALUES(6, 'Manuel','Domínguez', 'Hernández', 0.13); INSERT INTO COMERCIAL VALUES(7, 'Antonio','Vega', 'Hernández', 0.11); INSERT INTO COMERCIAL VALUES(8, 'Alfredo','Ruiz', 'Flores', 0.05); 
INSERT INTO PEDIDO VALUES(1, 150.5, '2017-10-05', 5, 2); INSERT INTO PEDIDO VALUES(2, 270.65, '2016-09-10', 1, 5); INSERT INTO PEDIDO VALUES(3, 65.26, '2017-10-05', 2, 1); INSERT INTO PEDIDO VALUES(4, 110.5, '2016-08-17', 8, 3); INSERT INTO PEDIDO VALUES(5, 948.5, '2017-09-10', 5, 2); INSERT INTO PEDIDO VALUES(6, 2400.6, '2016-07-27', 7, 1); INSERT INTO PEDIDO VALUES(7, 5760, '2015-09-10', 2, 1); INSERT INTO PEDIDO VALUES(8, 1983.43, '2017-10-10', 4, 6); INSERT INTO PEDIDO VALUES(9, 2480.4, '2016-10-10', 8, 3); INSERT INTO PEDIDO VALUES(10, 250.45, '2015-06-27', 8, 2); INSERT INTO PEDIDO VALUES(11, 75.29, '2016-08-17', 3, 7); INSERT INTO PEDIDO VALUES(12, 3045.6, '2017-04-25', 2, 1); INSERT INTO PEDIDO VALUES(13, 545.75, '2019-01-25', 6, 1); INSERT INTO PEDIDO VALUES(14, 145.82, '2017-02-02', 6, 1); INSERT INTO PEDIDO VALUES(15, 370.85, '2019-03-11', 1, 5); INSERT INTO PEDIDO VALUES(16, 2389.23, '2019-03-11', 1, 5); 

ALTER TABLE PEDIDO 
ADD CONSTRAINT PEDIDO_CLIENTE_FK
	FOREIGN KEY (ID_CLIENTE)
    REFERENCES CLIENTE(ID)
    ON UPDATE CASCADE ON DELETE CASCADE,
ADD CONSTRAINT PEDIDO_COMERCIAL_FK
	FOREIGN KEY (ID_COMERCIAL)
    REFERENCES COMERCIAL(ID)
    ON UPDATE CASCADE ON DELETE CASCADE;
    
